date,acc_code,acc_chName,net_values,hs300
2007-01-04,161005.OF,富国天惠成长混合(LOF),2.3752004152,2067.092
2007-01-05,161005.OF,富国天惠成长混合(LOF),2.3844365508,2072.883
2007-01-08,161005.OF,富国天惠成长混合(LOF),2.4329288688000004,2131.556
2007-01-09,161005.OF,富国天惠成长混合(LOF),2.4470147326000005,2200.086
2007-01-10,161005.OF,富国天惠成长混合(LOF),2.453480375,2255.966
2007-01-11,161005.OF,富国天惠成长混合(LOF),2.4527876276000002,2231.629
2007-01-12,161005.OF,富国天惠成长混合(LOF),2.4479383958,2173.747
2007-01-15,161005.OF,富国天惠成长混合(LOF),2.4837303447999997,2287.342
2007-01-16,161005.OF,富国天惠成长混合(LOF),2.5202150411999997,2353.874
2007-01-17,161005.OF,富国天惠成长混合(LOF),2.4855776712,2308.931
2007-01-18,161005.OF,富国天惠成长混合(LOF),2.5038200194,2317.095
2007-01-19,161005.OF,富国天惠成长混合(LOF),2.5368409788,2396.093
2007-01-22,161005.OF,富国天惠成长混合(LOF),2.5862569600000005,2491.313
2007-01-23,161005.OF,富国天惠成长混合(LOF),2.570092854,2508.13
2007-01-24,161005.OF,富国天惠成长混合(LOF),2.5897206969999997,2536.428
2007-01-25,161005.OF,富国天惠成长混合(LOF),2.5467703582,2452.831
2007-01-26,161005.OF,富国天惠成长混合(LOF),2.5864878758,2512.922
2007-01-29,161005.OF,富国天惠成长混合(LOF),2.5934153498,2576.917
2007-01-30,161005.OF,富国天惠成长混合(LOF),2.5855642126,2551.884
2007-01-31,161005.OF,富国天惠成长混合(LOF),2.4631788386,2385.335
2007-02-01,161005.OF,富国天惠成长混合(LOF),2.4770337866,2395.172
2007-02-02,161005.OF,富国天惠成长混合(LOF),2.3927495196,2298.003
2007-02-05,161005.OF,富国天惠成长混合(LOF),2.348413686,2271.797
2007-02-06,161005.OF,富国天惠成长混合(LOF),2.348413686,2316.04
2007-02-07,161005.OF,富国天惠成长混合(LOF),2.3830510560000002,2369.787
2007-02-08,161005.OF,富国天惠成长混合(LOF),2.3932113512,2410.601
2007-02-09,161005.OF,富国天惠成长混合(LOF),2.3816655612,2397.245
2007-02-12,161005.OF,富国天惠成长混合(LOF),2.4698753968000005,2485.392
2007-02-13,161005.OF,富国天惠成长混合(LOF),2.51698222,2522.63
2007-02-14,161005.OF,富国天惠成长混合(LOF),2.5765584963999997,2588.349
2007-02-15,161005.OF,富国天惠成长混合(LOF),2.6225107406,2668.633
2007-02-16,161005.OF,富国天惠成长混合(LOF),2.603575645,2676.735
2007-02-26,161005.OF,富国天惠成长混合(LOF),2.5599325588,2707.676
2007-02-27,161005.OF,富国天惠成长混合(LOF),2.3177018846,2457.492
2007-02-28,161005.OF,富国天惠成长混合(LOF),2.3532629178,2544.571
2007-03-01,161005.OF,富国天惠成长混合(LOF),2.3140072318000002,2473.544
2007-03-02,161005.OF,富国天惠成长混合(LOF),2.3576503179999997,2508.729
2007-03-05,161005.OF,富国天惠成长混合(LOF),2.3239366112,2475.606
2007-03-06,161005.OF,富国天惠成长混合(LOF),2.3807418979999997,2520.293
2007-03-07,161005.OF,富国天惠成长混合(LOF),2.4544040382,2589.436
2007-03-08,161005.OF,富国天惠成长混合(LOF),2.4948143032,2627.63
2007-03-09,161005.OF,富国天惠成长混合(LOF),2.4770337866,2611.393
2007-03-12,161005.OF,富国天惠成长混合(LOF),2.4691826494,2616.172
2007-03-13,161005.OF,富国天惠成长混合(LOF),2.478881113,2640.169
2007-03-14,161005.OF,富国天惠成长混合(LOF),2.4294651318000002,2597.357
2007-03-15,161005.OF,富国天惠成长混合(LOF),2.4671044072,2645.546
2007-03-16,161005.OF,富国天惠成长混合(LOF),2.445398322,2604.226
2007-03-19,161005.OF,富国天惠成长混合(LOF),2.4809593552,2659.413
2007-03-20,161005.OF,富国天惠成长混合(LOF),2.4527876276000002,2672.771
2007-03-21,161005.OF,富国天惠成长混合(LOF),2.4687208178,2702.597
2007-03-22,161005.OF,富国天惠成长混合(LOF),2.4763410392000003,2711.322
2007-03-23,161005.OF,富国天惠成长混合(LOF),2.4629479228,2716.266
2007-03-26,161005.OF,富国天惠成长混合(LOF),2.4837303447999997,2764.034
2007-03-27,161005.OF,富国天惠成长混合(LOF),2.4832685131999996,2784.023
2007-03-28,161005.OF,富国天惠成长混合(LOF),2.4809593552,2797.649
2007-03-29,161005.OF,富国天惠成长混合(LOF),2.5028963562000004,2783.305
2007-03-30,161005.OF,富国天惠成长混合(LOF),2.4828066816,2781.784
2007-04-02,161005.OF,富国天惠成长混合(LOF),2.5139803146,2850.107
2007-04-03,161005.OF,富国天惠成长混合(LOF),2.5603943904,2888.115
2007-04-04,161005.OF,富国天惠成长混合(LOF),2.5971100026,2911.821
2007-04-05,161005.OF,富国天惠成长混合(LOF),2.6292072988000004,2945.045
2007-04-06,161005.OF,富国天惠成长混合(LOF),2.6342874464,2972.008
2007-04-09,161005.OF,富国天惠成长混合(LOF),2.6522988788000004,3038.172
2007-04-10,161005.OF,富国天惠成长混合(LOF),2.6804706064,3081.568
2007-04-11,161005.OF,富国天惠成长混合(LOF),2.6968656282,3121.319
2007-04-12,161005.OF,富国天惠成长混合(LOF),2.728270177,3176.437
2007-04-13,161005.OF,富国天惠成长混合(LOF),2.7723750947999997,3169.233
2007-04-16,161005.OF,富国天惠成长混合(LOF),2.8525028774,3255.998
2007-04-17,161005.OF,富国天惠成长混合(LOF),2.819481918,3283.604
2007-04-18,161005.OF,富国天惠成长混合(LOF),2.8065506332,3304.501
2007-04-19,161005.OF,富国天惠成长混合(LOF),2.6961728808,3150.303
2007-04-20,161005.OF,富国天惠成长混合(LOF),2.7834590532,3289.282
2007-04-23,161005.OF,富国天惠成长混合(LOF),2.8464990666,3431.318
2007-04-24,161005.OF,富国天惠成长混合(LOF),2.8340296134000003,3445.196
2007-04-25,161005.OF,富国天惠成长混合(LOF),2.8294112974,3448.281
2007-04-26,161005.OF,富国天惠成长混合(LOF),2.8686669834,3493.581
2007-04-27,161005.OF,富国天惠成长混合(LOF),2.8185582547999997,3470.523
2007-04-30,161005.OF,富国天惠成长混合(LOF),2.9028425218000002,3558.709
2007-05-08,161005.OF,富国天惠成长混合(LOF),2.9663443668,3686.03
2007-05-09,161005.OF,富国天惠成长混合(LOF),2.946485608,3701.277
2007-05-10,161005.OF,富国天惠成长混合(LOF),2.9143883118000002,3724.51
2007-05-11,161005.OF,富国天惠成长混合(LOF),2.8767490364,3702.612
2007-05-14,161005.OF,富国天惠成长混合(LOF),2.9372489760000002,3734.42
2007-05-15,161005.OF,富国天惠成长混合(LOF),2.8663578254,3604.636
2007-05-16,161005.OF,富国天惠成长混合(LOF),2.9474092712,3700.287
2007-05-17,161005.OF,富国天惠成长混合(LOF),3.0344645278,3778.605
2007-05-18,161005.OF,富国天惠成长混合(LOF),3.0543232866,3776.629
2007-05-21,161005.OF,富国天惠成长混合(LOF),3.0970427095999997,3831.443
2007-05-22,161005.OF,富国天惠成长混合(LOF),3.1042010994,3870.489
2007-05-23,161005.OF,富国天惠成长混合(LOF),3.1709357656,3938.945
2007-05-24,161005.OF,富国天惠成长混合(LOF),3.1453041118000002,3919.748
2007-05-25,161005.OF,富国天惠成长混合(LOF),3.1991074932,3985.252
2007-05-28,161005.OF,富国天惠成长混合(LOF),3.2817753496,4072.578
2007-05-29,161005.OF,富国天惠成长混合(LOF),3.3632886269999998,4168.289
2007-05-30,161005.OF,富国天惠成长混合(LOF),3.1640082916,3886.459
2007-05-31,161005.OF,富国天惠成长混合(LOF),3.2967848766,3927.952
2007-06-01,161005.OF,富国天惠成长混合(LOF),3.2646875804,3803.954
2007-06-04,161005.OF,富国天惠成长混合(LOF),3.0970427095999997,3511.431
2007-06-05,161005.OF,富国天惠成长混合(LOF),3.1598518072000004,3634.633
2007-06-06,161005.OF,富国天惠成长混合(LOF),3.2007239038,3677.58
2007-06-07,161005.OF,富国天惠成长混合(LOF),3.294013887,3802.304
2007-06-08,161005.OF,富国天惠成长混合(LOF),3.3115634878,3837.867
2007-06-11,161005.OF,富国天惠成长混合(LOF),3.4316397038,3931.862
2007-06-12,161005.OF,富国天惠成长混合(LOF),3.4935251382,4036.109
2007-06-13,161005.OF,富国天惠成长混合(LOF),3.5464048564,4118.268
2007-06-14,161005.OF,富国天惠成长混合(LOF),3.5558724042,4075.821
2007-06-15,161005.OF,富国天惠成长混合(LOF),3.55610332,4099.381
2007-06-18,161005.OF,富国天惠成长混合(LOF),3.6468532294,4227.569
2007-06-19,161005.OF,富国天惠成长混合(LOF),3.6246853126000005,4253.0
2007-06-20,161005.OF,富国天惠成长混合(LOF),3.5745765840000003,4157.599
2007-06-21,161005.OF,富国天惠成长混合(LOF),3.6124467752,4197.28
2007-06-22,161005.OF,富国天惠成长混合(LOF),3.5473285196,4051.426
2007-06-25,161005.OF,富国天惠成长混合(LOF),3.4884449906,3877.59
2007-06-26,161005.OF,富国天惠成长混合(LOF),3.5050709282000003,3928.213
2007-06-27,161005.OF,富国天惠成长混合(LOF),3.624223481,4040.484
2007-06-28,161005.OF,富国天惠成长混合(LOF),3.507611002,3858.522
2007-06-29,161005.OF,富国天惠成长混合(LOF),3.467200737,3764.078
2007-07-02,161005.OF,富国天惠成长混合(LOF),3.4138591872,3757.655
2007-07-03,161005.OF,富国天惠成长混合(LOF),3.4570404418000003,3832.227
2007-07-04,161005.OF,富国天惠成长混合(LOF),3.3891511966,3743.582
2007-07-05,161005.OF,富国天惠成长混合(LOF),3.2515253798,3537.435
2007-07-06,161005.OF,富国天惠成长混合(LOF),3.3789909014000004,3710.283
2007-07-09,161005.OF,富国天惠成长混合(LOF),3.4713572214000004,3821.302
2007-07-10,161005.OF,富国天惠成长混合(LOF),3.4381053462,3775.621
2007-07-11,161005.OF,富国天惠成长混合(LOF),3.4152446820000004,3789.874
2007-07-12,161005.OF,富国天惠成长混合(LOF),3.4376435146,3816.921
2007-07-13,161005.OF,富国天惠成长混合(LOF),3.4413381674,3820.124
2007-07-16,161005.OF,富国天惠成长混合(LOF),3.3716015958,3697.966
2007-07-17,161005.OF,富国天惠成长混合(LOF),3.4540385364,3789.651
2007-07-18,161005.OF,富国天惠成长混合(LOF),3.469509895,3807.574
2007-07-19,161005.OF,富国天惠成长混合(LOF),3.4692789792,3806.997
2007-07-20,161005.OF,富国天惠成长混合(LOF),3.6094448698,3971.884
2007-07-23,161005.OF,富国天惠成长混合(LOF),3.7209772011999998,4156.723
2007-07-24,161005.OF,富国天惠成长混合(LOF),3.7020421056,4161.352
2007-07-25,161005.OF,富国天惠成长混合(LOF),3.7179752958,4255.463
2007-07-26,161005.OF,富国天惠成长混合(LOF),3.735063065,4303.185
2007-07-27,161005.OF,富国天惠成长混合(LOF),3.696961958,4307.143
2007-07-30,161005.OF,富国天惠成长混合(LOF),3.7729332562,4410.297
2007-07-31,161005.OF,富国天惠成长混合(LOF),3.82165649,4460.564
2007-08-01,161005.OF,富国天惠成长混合(LOF),3.7186680432,4290.477
2007-08-02,161005.OF,富国天惠成长混合(LOF),3.8064160472000004,4436.192
2007-08-03,161005.OF,富国天惠成长混合(LOF),3.9493529274,4598.379
2007-08-06,161005.OF,富国天惠成长混合(LOF),4.0147020988,4703.984
2007-08-07,161005.OF,富国天惠成长混合(LOF),4.030404373200001,4724.547
2007-08-08,161005.OF,富国天惠成长混合(LOF),3.9879158660000003,4668.087
2007-08-09,161005.OF,富国天惠成长混合(LOF),4.100602776400001,4777.286
2007-08-10,161005.OF,富国天惠成长混合(LOF),4.0500322162,4726.683
2007-08-13,161005.OF,富国天惠成长混合(LOF),4.0218604886,4721.192
2007-08-14,161005.OF,富国天惠成长混合(LOF),4.0673509012,4795.568
2007-08-15,161005.OF,富国天惠成长混合(LOF),4.066427238,4798.75
2007-08-16,161005.OF,富国天惠成长混合(LOF),4.0063891300000005,4721.942
2007-08-17,161005.OF,富国天惠成长混合(LOF),3.9401162953999997,4626.583
2007-08-20,161005.OF,富国天惠成长混合(LOF),4.1301599988,4885.427
2007-08-21,161005.OF,富国天惠成长混合(LOF),4.2209099082,4972.711
2007-08-22,161005.OF,富国天惠成长混合(LOF),4.3024231856,5051.688
2007-08-23,161005.OF,富国天惠成长混合(LOF),4.3915566844,5135.93
2007-08-24,161005.OF,富国天惠成长混合(LOF),4.437047097,5217.581
2007-08-27,161005.OF,富国天惠成长混合(LOF),4.4238848964,5243.147
2007-08-28,161005.OF,富国天惠成长混合(LOF),4.4005624006,5251.77
2007-08-29,161005.OF,富国天惠成长混合(LOF),4.3527628300000005,5171.822
2007-08-30,161005.OF,富国天惠成长混合(LOF),4.393173095,5241.228
2007-08-31,161005.OF,富国天惠成长混合(LOF),4.4552894452,5296.813
2007-09-03,161005.OF,富国天惠成长混合(LOF),4.481382930600001,5419.169
2007-09-04,161005.OF,富国天惠成长混合(LOF),4.437047097,5360.333
2007-09-05,161005.OF,富国天惠成长混合(LOF),4.4294268756,5363.251
2007-09-06,161005.OF,富国天惠成长混合(LOF),4.4606005086,5412.037
2007-09-07,161005.OF,富国天惠成长混合(LOF),4.374699831,5294.795
2007-09-10,161005.OF,富国天惠成长混合(LOF),4.3980223268000005,5377.222
2007-09-11,161005.OF,富国天惠成长混合(LOF),4.2675548998,5124.092
2007-09-12,161005.OF,富国天惠成长混合(LOF),4.3028850172,5202.856
2007-09-13,161005.OF,富国天惠成长混合(LOF),4.3961750003999995,5349.97
2007-09-14,161005.OF,富国天惠成长混合(LOF),4.4398180866,5397.278
2007-09-17,161005.OF,富国天惠成长混合(LOF),4.484384836,5498.908
2007-09-18,161005.OF,富国天惠成长混合(LOF),4.4213448226,5476.839
2007-09-19,161005.OF,富国天惠成长混合(LOF),4.3758544100000005,5419.268
2007-09-20,161005.OF,富国天惠成长混合(LOF),4.4368161812,5494.915
2007-09-21,161005.OF,富国天惠成长混合(LOF),4.4259631386,5468.098
2007-09-24,161005.OF,富国天惠成长混合(LOF),4.4077207904,5513.895
2007-09-25,161005.OF,富国天惠成长混合(LOF),4.418573833,5454.615
2007-09-26,161005.OF,富国天惠成长混合(LOF),4.3853219578000004,5361.021
2007-09-27,161005.OF,富国天惠成长混合(LOF),4.4527493713999995,5427.657
2007-09-28,161005.OF,富国天惠成长混合(LOF),4.5689000188,5580.813
2007-10-08,161005.OF,富国天惠成长混合(LOF),4.6319400322,5653.136
2007-10-09,161005.OF,富国天惠成长混合(LOF),4.6497205487999995,5675.927
2007-10-10,161005.OF,富国天惠成长混合(LOF),4.6718884656,5685.759
2007-10-11,161005.OF,富国天惠成长混合(LOF),4.7582509748,5760.078
2007-10-12,161005.OF,富国天惠成长混合(LOF),4.7393158792,5737.221
2007-10-15,161005.OF,富国天惠成长混合(LOF),4.7296174156,5821.447
2007-10-16,161005.OF,富国天惠成长混合(LOF),4.786191786600001,5877.202
2007-10-17,161005.OF,富国天惠成长混合(LOF),4.753632658800001,5824.117
2007-10-18,161005.OF,富国天惠成长混合(LOF),4.6236270634,5615.747
2007-10-19,161005.OF,富国天惠成长混合(LOF),4.7032930144,5614.06
2007-10-22,161005.OF,富国天惠成长混合(LOF),4.625243474,5472.677
2007-10-23,161005.OF,富国天惠成长混合(LOF),4.685281582,5540.09
2007-10-24,161005.OF,富国天惠成长混合(LOF),4.7173788782,5588.014
2007-10-25,161005.OF,富国天惠成长混合(LOF),4.5695927662,5333.792
2007-10-26,161005.OF,富国天惠成长混合(LOF),4.6093102838,5394.807
2007-10-29,161005.OF,富国天惠成长混合(LOF),4.6386365904,5508.357
2007-10-30,161005.OF,富国天惠成长混合(LOF),4.6439476538,5596.068
2007-10-31,161005.OF,富国天惠成长混合(LOF),4.739546795000001,5688.543
2007-11-01,161005.OF,富国天惠成长混合(LOF),4.655031612199999,5605.232
2007-11-02,161005.OF,富国天惠成长混合(LOF),4.5592015552,5472.93
2007-11-05,161005.OF,富国天惠成长混合(LOF),4.5157893848,5360.305
2007-11-06,161005.OF,富国天惠成长混合(LOF),4.505167258,5317.549
2007-11-07,161005.OF,富国天惠成长混合(LOF),4.515327553200001,5350.629
2007-11-08,161005.OF,富国天惠成长混合(LOF),4.3730834203999995,5093.669
2007-11-09,161005.OF,富国天惠成长混合(LOF),4.344680777,5040.525
2007-11-12,161005.OF,富国天惠成长混合(LOF),4.3232056076,4978.252
2007-11-13,161005.OF,富国天惠成长混合(LOF),4.2906464798,4939.244
2007-11-14,161005.OF,富国天惠成长混合(LOF),4.434737939000001,5145.888
2007-11-15,161005.OF,富国天惠成长混合(LOF),4.3751616626,5081.113
2007-11-16,161005.OF,富国天惠成长混合(LOF),4.3178945442,5007.662
2007-11-19,161005.OF,富国天惠成长混合(LOF),4.3162781336,4994.416
2007-11-20,161005.OF,富国天惠成长混合(LOF),4.3788563154,5069.382
2007-11-21,161005.OF,富国天惠成长混合(LOF),4.3495300087999995,4997.62
2007-11-22,161005.OF,富国天惠成长混合(LOF),4.2035912232,4772.617
2007-11-23,161005.OF,富国天惠成长混合(LOF),4.2516217096,4856.161
2007-11-26,161005.OF,富国天惠成长混合(LOF),4.233841193,4800.082
2007-11-27,161005.OF,富国天惠成长混合(LOF),4.1620263792,4711.152
2007-11-28,161005.OF,富国天惠成长混合(LOF),4.125310767,4648.751
2007-11-29,161005.OF,富国天惠成长混合(LOF),4.2079786234,4842.07
2007-11-30,161005.OF,富国天惠成长混合(LOF),4.1405512098,4737.408
2007-12-03,161005.OF,富国天惠成长混合(LOF),4.1666446952000005,4772.674
2007-12-04,161005.OF,富国天惠成长混合(LOF),4.2146751816,4829.214
2007-12-05,161005.OF,富国天惠成长混合(LOF),4.3213582812,4965.947
2007-12-06,161005.OF,富国天惠成长混合(LOF),4.3296712500000005,4971.055
2007-12-07,161005.OF,富国天惠成长混合(LOF),4.3716979256,5041.35
2007-12-10,161005.OF,富国天惠成长混合(LOF),4.4869249098,5133.562
2007-12-11,161005.OF,富国天惠成长混合(LOF),4.5361099752,5140.0
2007-12-12,161005.OF,富国天惠成长混合(LOF),4.5241023536,5077.39
2007-12-13,161005.OF,富国天惠成长混合(LOF),4.3751616626,4884.298
2007-12-14,161005.OF,富国天惠成长混合(LOF),4.4883104046,4977.652
2007-12-17,161005.OF,富国天惠成长混合(LOF),4.4631405824,4857.289
2007-12-18,161005.OF,富国天惠成长混合(LOF),4.425270391200001,4829.909
2007-12-19,161005.OF,富国天惠成长混合(LOF),4.5003180262,4946.285
2007-12-20,161005.OF,富国天惠成长混合(LOF),4.5488103442,5037.195
2007-12-21,161005.OF,富国天惠成长混合(LOF),4.5966099148,5101.852
2007-12-24,161005.OF,富国天惠成长混合(LOF),4.691054477,5207.134
2007-12-25,161005.OF,富国天惠成长混合(LOF),4.716455215,5216.813
2007-12-26,161005.OF,富国天惠成长混合(LOF),4.780880723199999,5265.026
2007-12-27,161005.OF,富国天惠成长混合(LOF),4.8439207366,5367.53
2007-12-28,161005.OF,富国天惠成长混合(LOF),4.8298348728,5338.275
2008-01-02,161005.OF,富国天惠成长混合(LOF),4.888487486,5385.103
2008-01-03,161005.OF,富国天惠成长混合(LOF),4.8713997168,5422.034
2008-01-04,161005.OF,富国天惠成长混合(LOF),4.9025733498,5483.65
2008-01-07,161005.OF,富国天惠成长混合(LOF),4.966537026399999,5556.593
2008-01-08,161005.OF,富国天惠成长混合(LOF),4.958685889200001,5528.054
2008-01-09,161005.OF,富国天惠成长混合(LOF),5.031655282,5613.758
2008-01-10,161005.OF,富国天惠成长混合(LOF),5.069756389,5672.154
2008-01-11,161005.OF,富国天惠成长混合(LOF),5.0937716322,5699.147
2008-01-14,161005.OF,富国天惠成长混合(LOF),5.1429566976,5731.757
2008-01-15,161005.OF,富国天惠成长混合(LOF),5.1254070968,5696.45
2008-01-16,161005.OF,富国天惠成长混合(LOF),5.0221877342,5505.717
2008-01-17,161005.OF,富国天惠成长混合(LOF),4.966306110600001,5365.624
2008-01-18,161005.OF,富国天惠成长混合(LOF),4.992168680200001,5414.468
2008-01-21,161005.OF,富国天惠成长混合(LOF),4.8259093042000005,5145.734
2008-01-22,161005.OF,富国天惠成长混合(LOF),4.5679763556,4753.868
2008-01-23,161005.OF,富国天惠成长混合(LOF),4.794504755399999,4975.111
2008-01-24,161005.OF,富国天惠成长混合(LOF),4.881560012,5027.213
2008-01-25,161005.OF,富国天惠成长混合(LOF),4.894029465200001,5077.429
2008-01-28,161005.OF,富国天惠成长混合(LOF),4.6767376974,4731.883
2008-01-29,161005.OF,富国天惠成长混合(LOF),4.6536461174,4762.083
2008-01-30,161005.OF,富国天惠成长混合(LOF),4.597533578,4710.652
2008-01-31,161005.OF,富国天惠成长混合(LOF),4.5007798578000004,4620.401
2008-02-01,161005.OF,富国天惠成长混合(LOF),4.4721462986,4571.945
2008-02-04,161005.OF,富国天惠成长混合(LOF),4.761021964399999,4950.124
2008-02-05,161005.OF,富国天惠成长混合(LOF),4.7039857618,4921.829
2008-02-13,161005.OF,富国天惠成长混合(LOF),4.6146213472,4816.084
2008-02-14,161005.OF,富国天惠成长混合(LOF),4.6566480228,4880.252
2008-02-15,161005.OF,富国天惠成长混合(LOF),4.6266289688,4813.311
2008-02-18,161005.OF,富国天惠成长混合(LOF),4.7573273116,4910.992
2008-02-19,161005.OF,富国天惠成长混合(LOF),4.816903588,5020.753
2008-02-20,161005.OF,富国天惠成长混合(LOF),4.7282319208,4908.717
2008-02-21,161005.OF,富国天惠成长混合(LOF),4.7293864997999995,4876.03
2008-02-22,161005.OF,富国天惠成长混合(LOF),4.5917606829999995,4702.241
2008-02-25,161005.OF,富国天惠成长混合(LOF),4.4596768454,4519.783
2008-02-26,161005.OF,富国天惠成长混合(LOF),4.382781884,4515.533
2008-02-27,161005.OF,富国天惠成长混合(LOF),4.4642951614,4639.768
2008-02-28,161005.OF,富国天惠成长混合(LOF),4.4552894452,4622.056
2008-02-29,161005.OF,富国天惠成长混合(LOF),4.5211004482,4674.55
2008-03-03,161005.OF,富国天惠成长混合(LOF),4.635172853399999,4790.744
2008-03-04,161005.OF,富国天惠成长混合(LOF),4.5712091768,4671.148
2008-03-05,161005.OF,富国天惠成长混合(LOF),4.532562365936,4628.724
2008-03-06,161005.OF,富国天惠成长混合(LOF),4.545626073968,4685.03
2008-03-07,161005.OF,富国天惠成长混合(LOF),4.472687037456,4621.685
2008-03-10,161005.OF,富国天惠成长混合(LOF),4.287345679752,4431.589
2008-03-11,161005.OF,富国天惠成长混合(LOF),4.280541665152,4441.184
2008-03-12,161005.OF,富国天惠成长混合(LOF),4.162968292864,4309.648
2008-03-13,161005.OF,富国天惠成长混合(LOF),4.077782030072,4198.96
2008-03-14,161005.OF,富国天惠成长混合(LOF),4.0456670811599995,4157.871
2008-03-17,161005.OF,富国天惠成长混合(LOF),3.8840036942640004,3965.279
2008-03-18,161005.OF,富国天惠成长混合(LOF),3.7217959862,3763.948
2008-03-19,161005.OF,富国天惠成长混合(LOF),3.8189573146880003,3888.861
2008-03-20,161005.OF,富国天惠成长混合(LOF),3.9253721030319997,4001.832
2008-03-21,161005.OF,富国天惠成长混合(LOF),3.971367241728,4037.83
2008-03-24,161005.OF,富国天惠成长混合(LOF),3.820045957024,3857.091
2008-03-25,161005.OF,富国天惠成长混合(LOF),3.8510722636000003,3905.774
2008-03-26,161005.OF,富国天惠成长混合(LOF),3.863863811048,3914.37
2008-03-27,161005.OF,富国天惠成长混合(LOF),3.790652613952,3748.92
2008-03-28,161005.OF,富国天惠成长混合(LOF),3.9038714168959996,3918.156
2008-03-31,161005.OF,富国天惠成长混合(LOF),3.820862438776,3790.53
2008-04-01,161005.OF,富国天惠成长混合(LOF),3.649945592024,3582.855
2008-04-02,161005.OF,富国天惠成长混合(LOF),3.6025896504080004,3547.977
2008-04-03,161005.OF,富国天惠成长混合(LOF),3.6589268912960002,3650.698
2008-04-07,161005.OF,富国天惠成长混合(LOF),3.8238562052000002,3845.822
2008-04-08,161005.OF,富国天惠成长混合(LOF),3.8703956650639997,3891.059
2008-04-09,161005.OF,富国天惠成长混合(LOF),3.731593767224,3688.125
2008-04-10,161005.OF,富国天惠成长混合(LOF),3.769151927816,3754.715
2008-04-11,161005.OF,富国天惠成长混合(LOF),3.809431694248,3783.728
2008-04-14,161005.OF,富国天惠成长混合(LOF),3.64967343144,3536.327
2008-04-15,161005.OF,富国天惠成长混合(LOF),3.6673638694,3583.299
2008-04-16,161005.OF,富国天惠成长混合(LOF),3.6360654022400003,3494.016
2008-04-17,161005.OF,富国天惠成长混合(LOF),3.5579553146319998,3386.63
2008-04-18,161005.OF,富国天惠成长混合(LOF),3.510055051848,3272.499
2008-04-21,161005.OF,富国天惠成长混合(LOF),3.499712949656,3267.554
2008-04-22,161005.OF,富国天惠成长混合(LOF),3.4719525700880003,3296.277
2008-04-23,161005.OF,富国天惠成长混合(LOF),3.605855577416,3453.727
2008-04-24,161005.OF,富国天惠成长混合(LOF),3.8654967745519997,3774.504
2008-04-25,161005.OF,富国天惠成长混合(LOF),3.8181408329360003,3803.07
2008-04-28,161005.OF,富国天惠成长混合(LOF),3.7509171686880003,3729.154
2008-04-29,161005.OF,富国天惠成长混合(LOF),3.7745951394960002,3776.943
2008-04-30,161005.OF,富国天惠成长混合(LOF),3.93135963588,3959.119
2008-05-05,161005.OF,富国天惠成长混合(LOF),4.019811825680001,4055.779
2008-05-06,161005.OF,富国天惠成长混合(LOF),3.984158789176,4010.888
2008-05-07,161005.OF,富国天惠成长混合(LOF),3.841818803744,3821.319
2008-05-08,161005.OF,富国天惠成长混合(LOF),3.944151183328,3925.041
2008-05-09,161005.OF,富国天惠成长混合(LOF),3.940340935152,3878.924
2008-05-12,161005.OF,富国天惠成长混合(LOF),3.950955197928,3904.92
2008-05-13,161005.OF,富国天惠成长混合(LOF),3.955037606688,3851.687
2008-05-14,161005.OF,富国天惠成长混合(LOF),4.020628307432,3975.782
2008-05-15,161005.OF,富国天惠成长混合(LOF),3.969189957056,3948.088
2008-05-16,161005.OF,富国天惠成长混合(LOF),3.940068774568,3936.121
2008-05-19,161005.OF,富国天惠成长混合(LOF),3.930815314712,3914.072
2008-05-20,161005.OF,富国天惠成长混合(LOF),3.771329212488,3710.818
2008-05-21,161005.OF,富国天惠成长混合(LOF),3.8279386139600002,3783.049
2008-05-22,161005.OF,富国天惠成长混合(LOF),3.770512730736,3711.444
2008-05-23,161005.OF,富国天惠成长混合(LOF),3.765069519056,3675.147
2008-05-26,161005.OF,富国天惠成长混合(LOF),3.6790667745119996,3559.217
2008-05-27,161005.OF,富国天惠成长混合(LOF),3.6899531978719997,3576.197
2008-05-28,161005.OF,富国天惠成长混合(LOF),3.753910935112,3676.23
2008-05-29,161005.OF,富国天惠成长混合(LOF),3.7013839424,3580.868
2008-05-30,161005.OF,富国天惠成长混合(LOF),3.70410554824,3611.33
2008-06-02,161005.OF,富国天惠成长混合(LOF),3.69866233656,3625.826
2008-06-03,161005.OF,富国天惠成长混合(LOF),3.688592394952,3614.111
2008-06-04,161005.OF,富国天惠成长混合(LOF),3.635793241656,3546.916
2008-06-05,161005.OF,富国天惠成长混合(LOF),3.605039095664,3512.138
2008-06-06,161005.OF,富国天惠成长混合(LOF),3.605311256248,3489.502
2008-06-10,161005.OF,富国天惠成长混合(LOF),3.3840447014560002,3206.562
2008-06-11,161005.OF,富国天惠成长混合(LOF),3.3821395773679996,3140.299
2008-06-12,161005.OF,富国天惠成长混合(LOF),3.3293404240720004,3084.633
2008-06-13,161005.OF,富国天惠成长混合(LOF),3.237622307264,2979.117
2008-06-16,161005.OF,富国天惠成长混合(LOF),3.205507358352,2952.242
2008-06-17,161005.OF,富国天惠成长混合(LOF),3.151347402136,2842.676
2008-06-18,161005.OF,富国天惠成长混合(LOF),3.2700094167600002,2991.273
2008-06-19,161005.OF,富国天惠成长混合(LOF),3.089566949568,2773.076
2008-06-20,161005.OF,富国天惠成长混合(LOF),3.1543411685600002,2849.668
2008-06-23,161005.OF,富国天惠成长混合(LOF),3.0944658400800003,2789.941
2008-06-24,161005.OF,富国天惠成长混合(LOF),3.1630503072479996,2851.915
2008-06-25,161005.OF,富国天惠成长混合(LOF),3.2849782488800003,2969.537
2008-06-26,161005.OF,富国天惠成长混合(LOF),3.30402948976,2980.907
2008-06-27,161005.OF,富国天惠成长混合(LOF),3.189994205064,2816.021
2008-06-30,161005.OF,富国天惠成长混合(LOF),3.1758418546960003,2791.819
2008-07-01,161005.OF,富国天惠成长混合(LOF),3.099636891176,2698.347
2008-07-02,161005.OF,富国天惠成长混合(LOF),3.112700599208,2699.597
2008-07-03,161005.OF,富国天惠成长混合(LOF),3.186183956888,2760.612
2008-07-04,161005.OF,富国天惠成长混合(LOF),3.17203160652,2741.852
2008-07-07,161005.OF,富国天惠成长混合(LOF),3.291237942312,2882.763
2008-07-08,161005.OF,富国天惠成长混合(LOF),3.3059346138479997,2901.841
2008-07-09,161005.OF,富国天惠成长混合(LOF),3.3848611832080002,3015.126
2008-07-10,161005.OF,富国天惠成长混合(LOF),3.373702599264,2973.728
2008-07-11,161005.OF,富国天惠成长混合(LOF),3.3486638255359997,2953.498
2008-07-14,161005.OF,富国天惠成长混合(LOF),3.36254401532,2975.874
2008-07-15,161005.OF,富国天惠成长混合(LOF),3.2615724386559997,2852.979
2008-07-16,161005.OF,富国天惠成长混合(LOF),3.1780191393679997,2745.596
2008-07-17,161005.OF,富国天惠成长混合(LOF),3.1693100006800003,2718.068
2008-07-18,161005.OF,富国天惠成长混合(LOF),3.232723416752,2815.462
2008-07-21,161005.OF,富国天惠成长混合(LOF),3.3282517817360002,2911.051
2008-07-22,161005.OF,富国天惠成长混合(LOF),3.3203591248,2904.743
2008-07-23,161005.OF,富国天惠成长混合(LOF),3.2898771393920003,2883.32
2008-07-24,161005.OF,富国天惠成长混合(LOF),3.3619996941520003,2977.362
2008-07-25,161005.OF,富国天惠成长混合(LOF),3.340499008016,2939.202
2008-07-28,161005.OF,富国天惠成长混合(LOF),3.357372964224,2960.851
2008-07-29,161005.OF,富国天惠成长混合(LOF),3.326074497064,2905.63
2008-07-30,161005.OF,富国天惠成长混合(LOF),3.3127386284480003,2884.384
2008-07-31,161005.OF,富国天惠成长混合(LOF),3.256129226976,2805.21
2008-08-01,161005.OF,富国天惠成长混合(LOF),3.2898771393920003,2840.788
2008-08-04,161005.OF,富国天惠成长混合(LOF),3.2515024970480004,2773.15
2008-08-05,161005.OF,富国天惠成长混合(LOF),3.200064146672,2703.079
2008-08-06,161005.OF,富国天惠成长混合(LOF),3.2019692707600003,2721.693
2008-08-07,161005.OF,富国天惠成长混合(LOF),3.17339240944,2720.442
2008-08-08,161005.OF,富国天惠成长混合(LOF),3.085484540808,2591.462
2008-08-11,161005.OF,富国天惠成长混合(LOF),2.985873767064,2456.811
2008-08-12,161005.OF,富国天惠成长混合(LOF),2.985057285312,2444.155
2008-08-13,161005.OF,富国天惠成长混合(LOF),2.9994817962640004,2444.672
2008-08-14,161005.OF,富国天惠成长混合(LOF),3.0196216794799997,2443.512
2008-08-15,161005.OF,富国天惠成长混合(LOF),3.0215268035680003,2447.615
2008-08-18,161005.OF,富国天惠成长混合(LOF),2.9118460882160004,2313.402
2008-08-19,161005.OF,富国天惠成长混合(LOF),2.931985971432,2348.472
2008-08-20,161005.OF,富国天惠成长混合(LOF),3.0985482488400002,2532.94
2008-08-21,161005.OF,富国天惠成长混合(LOF),3.004925007944,2443.979
2008-08-22,161005.OF,富国天惠成长混合(LOF),2.961923635672,2404.928
2008-08-25,161005.OF,富国天惠成长混合(LOF),2.9494042488080003,2400.548
2008-08-26,161005.OF,富国天惠成长混合(LOF),2.8819084239759998,2331.532
2008-08-27,161005.OF,富国天惠成长混合(LOF),2.8285649495119998,2325.292
2008-08-28,161005.OF,富国天惠成长混合(LOF),2.82230525608,2335.865
2008-08-29,161005.OF,富国天惠成长混合(LOF),2.870205518864,2391.64
2008-09-01,161005.OF,富国天惠成长混合(LOF),2.7733163509599996,2309.171
2008-09-02,161005.OF,富国天惠成长混合(LOF),2.72568824876,2285.411
2008-09-03,161005.OF,富国天惠成长混合(LOF),2.658192423928,2245.964
2008-09-04,161005.OF,富国天惠成长混合(LOF),2.666085080864,2251.146
2008-09-05,161005.OF,富国天惠成长混合(LOF),2.621178584504,2183.432
2008-09-08,161005.OF,富国天惠成长混合(LOF),2.562119737776,2126.518
2008-09-09,161005.OF,富国天惠成长混合(LOF),2.559942453104,2139.145
2008-09-10,161005.OF,富国天惠成长混合(LOF),2.559398131936,2143.176
2008-09-11,161005.OF,富国天惠成长混合(LOF),2.505782496888,2072.126
2008-09-12,161005.OF,富国天惠成长混合(LOF),2.512314350904,2077.846
2008-09-16,161005.OF,富国天惠成长混合(LOF),2.480199401992,2000.651
2008-09-17,161005.OF,富国天惠成长混合(LOF),2.439375314392,1929.135
2008-09-18,161005.OF,富国天惠成长混合(LOF),2.39229153336,1895.99
2008-09-19,161005.OF,富国天惠成长混合(LOF),2.601583022456,2073.113
2008-09-22,161005.OF,富国天惠成长混合(LOF),2.66581292028,2207.614
2008-09-23,161005.OF,富国天惠成长混合(LOF),2.5365366428800002,2123.478
2008-09-24,161005.OF,富国天惠成长混合(LOF),2.53517583996,2138.853
2008-09-25,161005.OF,富国天惠成长混合(LOF),2.601038701288,2223.532
2008-09-26,161005.OF,富国天惠成长混合(LOF),2.64267927064,2243.657
2008-10-06,161005.OF,富国天惠成长混合(LOF),2.554499241424,2128.696
2008-10-07,161005.OF,富国天惠成长混合(LOF),2.5430684968960002,2102.448
2008-10-08,161005.OF,富国天惠成长混合(LOF),2.480471562576,2022.881
2008-10-09,161005.OF,富国天惠成长混合(LOF),2.45761007352,1995.297
2008-10-10,161005.OF,富国天惠成长混合(LOF),2.371063007808,1906.96
2008-10-13,161005.OF,富国天惠成长混合(LOF),2.405083080808,1985.486
2008-10-14,161005.OF,富国天惠成长混合(LOF),2.364531153792,1934.619
2008-10-15,161005.OF,富国天惠成长混合(LOF),2.33785941656,1914.356
2008-10-16,161005.OF,富国天惠成长混合(LOF),2.270363591728,1820.903
2008-10-17,161005.OF,富国天惠成长混合(LOF),2.26709766472,1833.262
2008-10-20,161005.OF,富国天惠成长混合(LOF),2.31200416108,1896.733
2008-10-21,161005.OF,富国天惠成长混合(LOF),2.31200416108,1881.406
2008-10-22,161005.OF,富国天惠成长混合(LOF),2.284515942096,1833.323
2008-10-23,161005.OF,富国天惠成长混合(LOF),2.283971620928,1834.78
2008-10-24,161005.OF,富国天惠成长混合(LOF),2.2404259274880003,1781.598
2008-10-27,161005.OF,富国天惠成长混合(LOF),2.127479285128,1654.671
2008-10-28,161005.OF,富国天惠成长混合(LOF),2.156328307032,1705.82
2008-10-29,161005.OF,富国天惠成长混合(LOF),2.124485518704,1658.223
2008-10-30,161005.OF,富国天惠成长混合(LOF),2.158505591704,1697.656
2008-10-31,161005.OF,富国天惠成长混合(LOF),2.135371942064,1663.66
2008-11-03,161005.OF,富国天惠成长混合(LOF),2.132106015056,1653.542
2008-11-04,161005.OF,富国天惠成长混合(LOF),2.11196613184,1627.759
2008-11-05,161005.OF,富国天惠成长混合(LOF),2.15959423404,1691.42
2008-11-06,161005.OF,富国天惠成长混合(LOF),2.1138712559279997,1649.776
2008-11-07,161005.OF,富国天惠成长混合(LOF),2.1106053289199997,1677.827
2008-11-10,161005.OF,富国天惠成长混合(LOF),2.221919007776,1801.665
2008-11-11,161005.OF,富国天惠成长混合(LOF),2.2045007304000004,1781.361
2008-11-12,161005.OF,富国天惠成长混合(LOF),2.202323445728,1801.823
2008-11-13,161005.OF,富国天惠成长混合(LOF),2.274446000488,1874.082
2008-11-14,161005.OF,富国天惠成长混合(LOF),2.3775948618240004,1943.654
2008-11-17,161005.OF,富国天惠成长混合(LOF),2.4431855625680003,1987.225
2008-11-18,161005.OF,富国天惠成长混合(LOF),2.317991693928,1839.819
2008-11-19,161005.OF,富国天惠成长混合(LOF),2.448356613664,1953.163
2008-11-20,161005.OF,富国天惠成长混合(LOF),2.445907168408,1932.428
2008-11-21,161005.OF,富国天惠成长混合(LOF),2.432843460376,1920.735
2008-11-24,161005.OF,富国天惠成长混合(LOF),2.362626029704,1837.642
2008-11-25,161005.OF,富国天惠成长混合(LOF),2.351739606344,1834.294
2008-11-26,161005.OF,富国天惠成长混合(LOF),2.353916891016,1843.495
2008-11-27,161005.OF,富国天惠成长混合(LOF),2.406988204896,1870.473
2008-11-28,161005.OF,富国天惠成长混合(LOF),2.405627401976,1829.924
2008-12-01,161005.OF,富国天惠成长混合(LOF),2.440191796144,1864.205
2008-12-02,161005.OF,富国天惠成长混合(LOF),2.469585139216,1868.631
2008-12-03,161005.OF,富国天惠成长混合(LOF),2.556132204928,1952.668
2008-12-04,161005.OF,富国天惠成长混合(LOF),2.587974993256,1982.928
2008-12-05,161005.OF,富国天惠成长混合(LOF),2.61682401516,2013.175
2008-12-08,161005.OF,富国天惠成长混合(LOF),2.691396015176,2095.036
2008-12-09,161005.OF,富国天惠成长混合(LOF),2.650299766992,2040.847
2008-12-10,161005.OF,富国天惠成长混合(LOF),2.695478423936,2096.393
2008-12-11,161005.OF,富国天惠成长混合(LOF),2.6497554458240002,2046.337
2008-12-12,161005.OF,富国天惠成长混合(LOF),2.582259620992,1960.38
2008-12-15,161005.OF,富国天惠成长混合(LOF),2.613013766984,1975.034
2008-12-16,161005.OF,富国天惠成长混合(LOF),2.63723605896,1994.45
2008-12-17,161005.OF,富国天惠成长混合(LOF),2.6739777378,2001.42
2008-12-18,161005.OF,富国天惠成长混合(LOF),2.7079978108000002,2045.102
2008-12-19,161005.OF,富国天惠成长混合(LOF),2.733580905696,2052.114
2008-12-22,161005.OF,富国天惠成长混合(LOF),2.722422321752,2017.549
2008-12-23,161005.OF,富国天惠成长混合(LOF),2.606481912968,1918.955
2008-12-24,161005.OF,富国天惠成长混合(LOF),2.573006161136,1887.075
2008-12-25,161005.OF,富国天惠成长混合(LOF),2.559398131936,1870.765
2008-12-26,161005.OF,富国天惠成长混合(LOF),2.5365366428800002,1862.096
2008-12-29,161005.OF,富国天惠成长混合(LOF),2.540074730472,1854.757
2008-12-30,161005.OF,富国天惠成长混合(LOF),2.541435533392,1833.435
2008-12-31,161005.OF,富国天惠成长混合(LOF),2.5430684968960002,1817.722
2009-01-05,161005.OF,富国天惠成长混合(LOF),2.571373197632,1882.959
2009-01-06,161005.OF,富国天惠成长混合(LOF),2.609203518808,1942.795
2009-01-07,161005.OF,富国天惠成长混合(LOF),2.5980449348640002,1931.178
2009-01-08,161005.OF,富国天惠成长混合(LOF),2.5634805406959997,1887.991
2009-01-09,161005.OF,富国天惠成长混合(LOF),2.593146044352,1918.365
2009-01-12,161005.OF,富国天惠成长混合(LOF),2.587974993256,1920.687
2009-01-13,161005.OF,富国天惠成长混合(LOF),2.547695226824,1876.185
2009-01-14,161005.OF,富国天惠成长混合(LOF),2.6127416063999997,1955.244
2009-01-15,161005.OF,富国天惠成长混合(LOF),2.60321598596,1954.874
2009-01-16,161005.OF,富国天惠成长混合(LOF),2.623355869176,1990.214
2009-01-19,161005.OF,富国天惠成长混合(LOF),2.642951431224,2012.465
2009-01-20,161005.OF,富国天惠成长混合(LOF),2.6546543363360002,2025.19
2009-01-21,161005.OF,富国天惠成长混合(LOF),2.63451445312,2021.71
2009-01-22,161005.OF,富国天惠成长混合(LOF),2.652749212248,2044.551
2009-01-23,161005.OF,富国天惠成长混合(LOF),2.6415906283040003,2032.682
2009-02-02,161005.OF,富国天惠成长混合(LOF),2.662819153856,2057.063
2009-02-03,161005.OF,富国天惠成长混合(LOF),2.712624540728,2108.91
2009-02-04,161005.OF,富国天惠成长混合(LOF),2.7597083217600002,2166.414
2009-02-05,161005.OF,富国天惠成长混合(LOF),2.744195168472,2150.971
2009-02-06,161005.OF,富国天惠成长混合(LOF),2.8277484677599998,2237.28
2009-02-09,161005.OF,富国天惠成长混合(LOF),2.885174350984,2296.672
2009-02-10,161005.OF,富国天惠成长混合(LOF),2.904497752448,2326.755
2009-02-11,161005.OF,富国天惠成长混合(LOF),2.925998438584,2331.138
2009-02-12,161005.OF,富国天惠成长混合(LOF),2.9461383218,2318.343
2009-02-13,161005.OF,富国天惠成长混合(LOF),3.017988715976,2399.065
2009-02-16,161005.OF,富国天惠成长混合(LOF),3.0443882926240002,2462.245
2009-02-17,161005.OF,富国天惠成长混合(LOF),2.975803825456,2385.293
2009-02-18,161005.OF,富国天惠成长混合(LOF),2.877281694048,2275.843
2009-02-19,161005.OF,富国天惠成长混合(LOF),2.9066750371200003,2298.412
2009-02-20,161005.OF,富国天惠成长混合(LOF),2.95158153348,2344.32
2009-02-23,161005.OF,富国天惠成长混合(LOF),3.013089825464,2410.481
2009-02-24,161005.OF,富国天惠成长混合(LOF),2.92708708092,2301.849
2009-02-25,161005.OF,富国天惠成长混合(LOF),2.914295533472,2304.251
2009-02-26,161005.OF,富国天惠成长混合(LOF),2.799988088192,2190.185
2009-02-27,161005.OF,富国天惠成长混合(LOF),2.759164000592,2140.489
2009-03-02,161005.OF,富国天惠成长混合(LOF),2.789645986,2164.666
2009-03-03,161005.OF,富国天惠成长混合(LOF),2.772499869208,2142.154
2009-03-04,161005.OF,富国天惠成长混合(LOF),2.933346774352,2285.149
2009-03-05,161005.OF,富国天惠成长混合(LOF),2.923548993328,2304.919
2009-03-06,161005.OF,富国天惠成长混合(LOF),2.904497752448,2286.576
2009-03-09,161005.OF,富国天惠成长混合(LOF),2.8244825407520002,2202.527
2009-03-10,161005.OF,富国天惠成长混合(LOF),2.870749840032,2240.782
2009-03-11,161005.OF,富国天惠成长混合(LOF),2.847888350976,2220.38
2009-03-12,161005.OF,富国天惠成长混合(LOF),2.83863489112,2215.7
2009-03-13,161005.OF,富国天惠成长混合(LOF),2.8231217378320004,2205.422
2009-03-16,161005.OF,富国天惠成长混合(LOF),2.8489769933119997,2241.614
2009-03-17,161005.OF,富国天惠成长混合(LOF),2.92708708092,2322.403
2009-03-18,161005.OF,富国天惠成长混合(LOF),2.932802453184,2332.652
2009-03-19,161005.OF,富国天惠成长混合(LOF),2.9828800006400003,2382.564
2009-03-20,161005.OF,富国天惠成长混合(LOF),2.957841226912,2379.838
2009-03-23,161005.OF,富国天惠成长混合(LOF),3.0095517378719996,2439.395
2009-03-24,161005.OF,富国天惠成长混合(LOF),3.035679153936,2451.783
2009-03-25,161005.OF,富国天惠成长混合(LOF),2.983968642976,2401.327
2009-03-26,161005.OF,富国天惠成长混合(LOF),3.01145686196,2479.789
2009-03-27,161005.OF,富国天惠成长混合(LOF),3.028602978752,2498.931
2009-03-30,161005.OF,富国天惠成长混合(LOF),3.0152671101360005,2484.487
2009-03-31,161005.OF,富国天惠成长混合(LOF),3.044932613792,2507.789
2009-04-01,161005.OF,富国天惠成长混合(LOF),3.078680526208,2548.222
2009-04-02,161005.OF,富国天惠成长混合(LOF),3.11487788388,2576.4
2009-04-03,161005.OF,富国天惠成长混合(LOF),3.093921518912,2570.503
2009-04-07,161005.OF,富国天惠成长混合(LOF),3.0974596065039997,2576.95
2009-04-08,161005.OF,富国天惠成长混合(LOF),3.02506489116,2479.348
2009-04-09,161005.OF,富国天惠成长混合(LOF),3.0653446575920005,2517.669
2009-04-10,161005.OF,富国天惠成长混合(LOF),3.144271226952,2595.53
2009-04-13,161005.OF,富国天惠成长混合(LOF),3.1913550079840003,2656.518
2009-04-14,161005.OF,富国天惠成长混合(LOF),3.225375080984,2676.872
2009-04-15,161005.OF,富国天惠成长混合(LOF),3.2528632999680003,2686.99
2009-04-16,161005.OF,富国天惠成长混合(LOF),3.261028117488,2687.106
2009-04-17,161005.OF,富国天惠成长混合(LOF),3.2466036065360004,2650.691
2009-04-20,161005.OF,富国天惠成长混合(LOF),3.3127386284480003,2707.667
2009-04-21,161005.OF,富国天惠成长混合(LOF),3.303213008008,2675.442
2009-04-22,161005.OF,富国天惠成长混合(LOF),3.210406248864,2576.281
2009-04-23,161005.OF,富国天惠成长混合(LOF),3.2158494605440002,2593.564
2009-04-24,161005.OF,富国天惠成长混合(LOF),3.1951652561599997,2572.888
2009-04-27,161005.OF,富国天惠成长混合(LOF),3.160600861992,2513.292
2009-04-28,161005.OF,富国天惠成长混合(LOF),3.158967898488,2518.531
2009-04-29,161005.OF,富国天惠成长混合(LOF),3.222653475144,2605.37
2009-04-30,161005.OF,富国天惠成长混合(LOF),3.2520468182160003,2622.926
2009-05-04,161005.OF,富国天惠成长混合(LOF),3.32308073064,2714.301
2009-05-05,161005.OF,富国天惠成长混合(LOF),3.320903445968,2727.014
2009-05-06,161005.OF,富国天惠成长混合(LOF),3.34349277444,2764.979
2009-05-07,161005.OF,富国天惠成长混合(LOF),3.327707460568,2767.076
2009-05-08,161005.OF,富国天惠成长混合(LOF),3.3451257379440005,2789.219
2009-05-11,161005.OF,富国天惠成长混合(LOF),3.2822566430399998,2725.316
2009-05-12,161005.OF,富国天惠成长混合(LOF),3.3334228328320004,2788.562
2009-05-13,161005.OF,富国天惠成长混合(LOF),3.3486638255359997,2814.005
2009-05-14,161005.OF,富国天惠成长混合(LOF),3.341043329184,2792.597
2009-05-15,161005.OF,富国天惠成长混合(LOF),3.3565564824720004,2796.116
2009-05-18,161005.OF,富国天惠成长混合(LOF),3.3565564824720004,2810.573
2009-05-19,161005.OF,富国天惠成长混合(LOF),3.364449139408,2840.084
2009-05-20,161005.OF,富国天惠成长混合(LOF),3.32988474524,2812.865
2009-05-21,161005.OF,富国天惠成长混合(LOF),3.2727310226,2750.01
2009-05-22,161005.OF,富国天惠成长混合(LOF),3.267559971504,2740.677
2009-05-25,161005.OF,富国天惠成长混合(LOF),3.267015650336,2752.716
2009-05-26,161005.OF,富国天惠成长混合(LOF),3.266743489752,2719.764
2009-05-27,161005.OF,富国天惠成长混合(LOF),3.286066891216,2759.712
2009-06-01,161005.OF,富国天惠成长混合(LOF),3.348119504368,2858.342
2009-06-02,161005.OF,富国天惠成长混合(LOF),3.3707088328399997,2865.099
2009-06-03,161005.OF,富国天惠成长混合(LOF),3.4150710080319997,2939.387
2009-06-04,161005.OF,富国天惠成长混合(LOF),3.413438044528,2953.751
2009-06-05,161005.OF,富国天惠成长混合(LOF),3.44827459928,2939.306
2009-06-08,161005.OF,富国天惠成长混合(LOF),3.463787752568,2948.478
2009-06-09,161005.OF,富国天惠成长混合(LOF),3.4784844241040003,2960.556
2009-06-10,161005.OF,富国天惠成长混合(LOF),3.520941475208,2989.595
2009-06-11,161005.OF,富国天惠成长混合(LOF),3.50270671608,2961.629
2009-06-12,161005.OF,富国天惠成长混合(LOF),3.465148555488,2906.286
2009-06-15,161005.OF,富国天惠成长混合(LOF),3.554689387624,2966.192
2009-06-16,161005.OF,富国天惠成长混合(LOF),3.5421700007600005,2961.22
2009-06-17,161005.OF,富国天惠成长混合(LOF),3.6031339715760002,3010.588
2009-06-18,161005.OF,富国天惠成长混合(LOF),3.643141577424,3057.428
2009-06-19,161005.OF,富国天惠成长混合(LOF),3.655388803704,3080.001
2009-06-22,161005.OF,富国天惠成长混合(LOF),3.6483126285200003,3082.563
2009-06-23,161005.OF,富国天惠成长混合(LOF),3.643141577424,3083.895
2009-06-24,161005.OF,富国天惠成长混合(LOF),3.662192818304,3120.73
2009-06-25,161005.OF,富国天惠成长混合(LOF),3.665730905896,3117.921
2009-06-26,161005.OF,富国天惠成长混合(LOF),3.6681803511520004,3128.421
2009-06-29,161005.OF,富国天惠成长混合(LOF),3.725334073792,3179.972
2009-06-30,161005.OF,富国天惠成长混合(LOF),3.7228846285359998,3166.474
2009-07-01,161005.OF,富国天惠成长混合(LOF),3.76670248256,3237.903
2009-07-02,161005.OF,富国天惠成长混合(LOF),3.7941907015439997,3282.359
2009-07-03,161005.OF,富国天惠成长混合(LOF),3.821678920528,3327.135
2009-07-06,161005.OF,富国天惠成长混合(LOF),3.819501635856,3374.753
2009-07-07,161005.OF,富国天惠成长混合(LOF),3.8181408329360003,3340.493
2009-07-08,161005.OF,富国天惠成长混合(LOF),3.830932380384,3352.269
2009-07-09,161005.OF,富国天惠成长混合(LOF),3.90006116872,3396.304
2009-07-10,161005.OF,富国天惠成长混合(LOF),3.924283460696,3398.31
2009-07-13,161005.OF,富国天惠成长混合(LOF),3.921289694272,3361.011
2009-07-14,161005.OF,富国天惠成长混合(LOF),4.0078367599839995,3454.753
2009-07-15,161005.OF,富国天惠成长混合(LOF),3.999944103048,3493.305
2009-07-16,161005.OF,富国天惠成长混合(LOF),3.981981504504,3501.24
2009-07-17,161005.OF,富国天惠成长混合(LOF),3.986880395016,3519.809
2009-07-20,161005.OF,富国天惠成长混合(LOF),4.03886306656,3591.123
2009-07-21,161005.OF,富国天惠成长混合(LOF),3.991507124944,3539.832
2009-07-22,161005.OF,富国天惠成长混合(LOF),4.0475722052480005,3606.924
2009-07-23,161005.OF,富国天惠成长混合(LOF),4.072610978976,3651.969
2009-07-24,161005.OF,富国天惠成长混合(LOF),4.050293811088,3667.556
2009-07-27,161005.OF,富国天惠成长混合(LOF),4.115340190664,3743.626
2009-07-28,161005.OF,富国天惠成长混合(LOF),4.11234642424,3755.818
2009-07-29,161005.OF,富国天惠成长混合(LOF),3.9321761176320003,3558.508
2009-07-30,161005.OF,富国天惠成长混合(LOF),3.9879690373520003,3634.818
2009-07-31,161005.OF,富国天惠成长混合(LOF),4.064446161456,3734.622
2009-08-03,161005.OF,富国天惠成长混合(LOF),4.105270249056,3787.033
2009-08-04,161005.OF,富国天惠成长混合(LOF),4.115340190664,3786.615
2009-08-05,161005.OF,富国天惠成长混合(LOF),4.101187840296,3740.936
2009-08-06,161005.OF,富国天惠成长混合(LOF),4.053287577512,3663.12
2009-08-07,161005.OF,富国天惠成长混合(LOF),3.9700064388080003,3555.095
2009-08-10,161005.OF,富国天惠成长混合(LOF),3.989329840272,3544.539
2009-08-11,161005.OF,富国天惠成长混合(LOF),4.0211726286000005,3556.375
2009-08-12,161005.OF,富国天惠成长混合(LOF),3.8853644971840002,3397.4
2009-08-13,161005.OF,富国天惠成长混合(LOF),3.8984282052159998,3440.82
2009-08-14,161005.OF,富国天惠成长混合(LOF),3.791469095704,3344.462
2009-08-17,161005.OF,富国天惠成长混合(LOF),3.583810570112,3140.271
2009-08-18,161005.OF,富国天惠成长混合(LOF),3.601228847488,3171.986
2009-08-19,161005.OF,富国天惠成长混合(LOF),3.5029788766639998,3014.568
2009-08-20,161005.OF,富国天惠成长混合(LOF),3.6197357672000003,3144.39
2009-08-21,161005.OF,富国天惠成长混合(LOF),3.7111817234239997,3203.624
2009-08-24,161005.OF,富国天惠成长混合(LOF),3.7819434752639998,3229.6
2009-08-25,161005.OF,富国天惠成长混合(LOF),3.7220681467839998,3109.83
2009-08-26,161005.OF,富国天惠成长混合(LOF),3.811336818336,3172.386
2009-08-27,161005.OF,富国天惠成长混合(LOF),3.8295715774640002,3156.301
2009-08-28,161005.OF,富国天惠成长混合(LOF),3.745746117592,3046.781
2009-08-31,161005.OF,富国天惠成长混合(LOF),3.5484296941920004,2830.271
2009-09-01,161005.OF,富国天惠成长混合(LOF),3.5761900737600003,2843.7
2009-09-02,161005.OF,富国天惠成长混合(LOF),3.6047669350800002,2890.926
2009-09-03,161005.OF,富国天惠成长混合(LOF),3.7517336504400003,3051.964
2009-09-04,161005.OF,富国天惠成长混合(LOF),3.788203168696,3077.142
2009-09-07,161005.OF,富国天惠成长混合(LOF),3.862775168712,3104.208
2009-09-08,161005.OF,富国天惠成长混合(LOF),3.9525881614319998,3170.967
2009-09-09,161005.OF,富国天惠成长混合(LOF),3.96265810304,3194.909
2009-09-10,161005.OF,富国天惠成长混合(LOF),3.9264607453680003,3162.914
2009-09-11,161005.OF,富国天惠成长混合(LOF),3.996406015456,3238.133
2009-09-14,161005.OF,富国天惠成长混合(LOF),4.0685285702159995,3293.394
2009-09-15,161005.OF,富国天惠成长混合(LOF),4.085674687008001,3302.642
2009-09-16,161005.OF,富国天惠成长混合(LOF),4.054376219848,3258.236
2009-09-17,161005.OF,富国天惠成长混合(LOF),4.1131629059920005,3320.096
2009-09-18,161005.OF,富国天惠成长混合(LOF),3.996133854872,3199.689
2009-09-21,161005.OF,富国天惠成长混合(LOF),4.053287577512,3208.604
2009-09-22,161005.OF,富国天惠成长混合(LOF),4.001577066552,3131.026
2009-09-23,161005.OF,富国天惠成长混合(LOF),3.9044157380640003,3060.069
2009-09-24,161005.OF,富国天惠成长混合(LOF),3.892984993536,3080.926
2009-09-25,161005.OF,富国天惠成长混合(LOF),3.884820176016,3058.528
2009-09-28,161005.OF,富国天惠成长混合(LOF),3.831204540968,2972.643
2009-09-29,161005.OF,富国天惠成长混合(LOF),3.819229475272,2972.286
2009-09-30,161005.OF,富国天惠成长混合(LOF),3.850527942432,3004.805
2009-10-09,161005.OF,富国天惠成长混合(LOF),3.9803485409999997,3163.708
2009-10-12,161005.OF,富国天惠成长混合(LOF),3.9710950811440004,3151.632
2009-10-13,161005.OF,富国天惠成长混合(LOF),4.0048429935600005,3198.517
2009-10-14,161005.OF,富国天惠成长混合(LOF),4.013279971664,3227.399
2009-10-15,161005.OF,富国天惠成长混合(LOF),4.011102686992,3239.643
2009-10-16,161005.OF,富国天惠成长混合(LOF),4.013824292832,3241.709
2009-10-19,161005.OF,富国天惠成长混合(LOF),4.095200307448,3329.158
2009-10-20,161005.OF,富国天惠成长混合(LOF),4.15180970892,3377.574
2009-10-21,161005.OF,富国天惠成长混合(LOF),4.1177896359199995,3369.285
2009-10-22,161005.OF,富国天惠成长混合(LOF),4.107175373144,3347.32
2009-10-23,161005.OF,富国天惠成长混合(LOF),4.171133110384,3413.252
2009-10-26,161005.OF,富国天惠成长混合(LOF),4.17494335856,3414.239
2009-10-27,161005.OF,富国天惠成长混合(LOF),4.092206541024,3314.722
2009-10-28,161005.OF,富国天惠成长混合(LOF),4.096561110368,3329.327
2009-10-29,161005.OF,富国天惠成长混合(LOF),4.02389423444,3247.051
2009-10-30,161005.OF,富国天惠成长混合(LOF),4.072610978976,3280.372
2009-11-02,161005.OF,富国天惠成长混合(LOF),4.222299300176,3392.803
2009-11-03,161005.OF,富国天惠成长混合(LOF),4.2590409790159995,3435.425
2009-11-04,161005.OF,富国天惠成长混合(LOF),4.285984876832,3453.888
2009-11-05,161005.OF,富国天惠成长混合(LOF),4.280813825736,3464.318
2009-11-06,161005.OF,富国天惠成长混合(LOF),4.280541665152,3483.021
2009-11-09,161005.OF,富国天惠成长混合(LOF),4.293605373184,3495.788
2009-11-10,161005.OF,富国天惠成长混合(LOF),4.306396920632,3503.776
2009-11-11,161005.OF,富国天惠成长混合(LOF),4.29877642428,3495.674
2009-11-12,161005.OF,富国天惠成长混合(LOF),4.319460628664,3499.992
2009-11-13,161005.OF,富国天惠成长混合(LOF),4.363822803856,3518.722
2009-11-16,161005.OF,富国天惠成长混合(LOF),4.474047840376,3625.798
2009-11-17,161005.OF,富国天惠成长混合(LOF),4.473503519208,3628.354
2009-11-18,161005.OF,富国天惠成长混合(LOF),4.473503519208,3630.229
2009-11-19,161005.OF,富国天惠成长混合(LOF),4.48928883308,3642.437
2009-11-20,161005.OF,富国天惠成长混合(LOF),4.474047840376,3631.013
2009-11-23,161005.OF,富国天惠成长混合(LOF),4.52739131484,3665.509
2009-11-24,161005.OF,富国天惠成长混合(LOF),4.376886511888,3548.08
2009-11-25,161005.OF,富国天惠成长混合(LOF),4.482212657896,3629.629
2009-11-26,161005.OF,富国天惠成长混合(LOF),4.313473095816,3485.773
2009-11-27,161005.OF,富国天惠成长混合(LOF),4.22257146076,3382.51
2009-11-30,161005.OF,富国天惠成长混合(LOF),4.396482073936,3511.669
2009-12-01,161005.OF,富国天惠成长混合(LOF),4.461528453512,3560.831
2009-12-02,161005.OF,富国天惠成长混合(LOF),4.48928883308,3597.329
2009-12-03,161005.OF,富国天惠成长混合(LOF),4.480851854976001,3590.876
2009-12-04,161005.OF,富国天惠成长混合(LOF),4.4922825995040006,3643.491
2009-12-07,161005.OF,富国天惠成长混合(LOF),4.533651008272,3668.832
2009-12-08,161005.OF,富国天惠成长混合(LOF),4.49473204476,3624.019
2009-12-09,161005.OF,富国天惠成长混合(LOF),4.427236219928,3554.478
2009-12-10,161005.OF,富国天惠成长混合(LOF),4.452002833072,3577.237
2009-12-11,161005.OF,富国天惠成长混合(LOF),4.457718205336,3575.02
2009-12-14,161005.OF,富国天惠成长混合(LOF),4.4903774754159995,3612.753
2009-12-15,161005.OF,富国天惠成长混合(LOF),4.4789467308879995,3583.341
2009-12-16,161005.OF,富国天惠成长混合(LOF),4.450914190736,3560.723
2009-12-17,161005.OF,富国天惠成长混合(LOF),4.347493168816,3480.153
2009-12-18,161005.OF,富国天惠成长混合(LOF),4.243799986312,3391.735
2009-12-21,161005.OF,富国天惠成长混合(LOF),4.235635168792,3396.622
2009-12-22,161005.OF,富国天惠成长混合(LOF),4.155347796512,3305.543
2009-12-23,161005.OF,富国天惠成长混合(LOF),4.201070774624,3336.48
2009-12-24,161005.OF,富国天惠成长混合(LOF),4.3347016213680005,3438.817
2009-12-25,161005.OF,富国天惠成长混合(LOF),4.3409613148,3424.783
2009-12-28,161005.OF,富国天惠成长混合(LOF),4.395937752768,3478.433
2009-12-29,161005.OF,富国天惠成长混合(LOF),4.41716627832,3500.737
2009-12-30,161005.OF,富国天惠成长混合(LOF),4.44846474548,3558.857
2009-12-31,161005.OF,富国天惠成长混合(LOF),4.4707819133680005,3575.684
2010-01-04,161005.OF,富国天惠成长混合(LOF),4.4495533878160005,3535.229
